source,category_section,category_no,formulation_no,name,needs_review,source_line
afi-part1,ASAVA AND ARISTA,1,1,ABHAYARISTA,False,3204
afi-part1,ASAVA AND ARISTA,1,2,AMRTARISTA,False,3304
afi-part1,ASAVA AND ARISTA,1,3,AYASKRTI,False,3391
afi-part1,ASAVA AND ARISTA,1,4,ARAVINDASAVA,False,3561
afi-part1,ASAVA AND ARISTA,1,5,ASOKARISTA,False,3652
afi-part1,ASAVA AND ARISTA,1,7,AHIPHENASAVA,False,3713
afi-part1,ASAVA AND ARISTA,1,8,US IRASAVA,True,3753
afi-part1,ASAVA AND ARISTA,1,9,KANAKASAVA,False,3861
afi-part1,ASAVA AND ARISTA,1,10,KARPURASAVA,False,3896
afi-part1,ASAVA AND ARISTA,1,11,KUTAJARISTA,False,3927
afi-part1,ASAVA AND ARISTA,1,12,KUMARYASAVA,False,3955
afi-part1,ASAVA AND ARISTA,1,13,KUMARYASAVA,False,4054
afi-part1,ASAVA AND ARISTA,1,15,CANDANASAVA,False,4120
afi-part1,ASAVA AND ARISTA,1,14,KHADIRARISTA,False,4133
afi-part1,ASAVA AND ARISTA,1,16,JIRAKADYARISTA,False,4211
afi-part1,ASAVA AND ARISTA,1,18,DAS AMULARISTA,False,4239
afi-part1,ASAVA AND ARISTA,1,17,DANTYADYARISTA,False,4263
afi-part1,ASAVA AND ARISTA,1,19,DEVADARVARISTA,False,4350
afi-part1,ASAVA AND ARISTA,1,20,DRAKSARISTA,False,4370
afi-part1,ASAVA AND ARISTA,1,21,PARTHADYARISTA,False,4429
afi-part1,ASAVA AND ARISTA,1,22,PIPPALYADYASAVA,False,4462
afi-part1,ASAVA AND ARISTA,1,23,PUNARNAVASAVA,False,4592
afi-part1,ASAVA AND ARISTA,1,24,BALARISTA,False,4726
afi-part1,ASAVA AND ARISTA,1,25,MADHUKASAVA,False,4847
afi-part1,ASAVA AND ARISTA,1,26,MUSTAKARISTA,False,4896
afi-part1,ASAVA AND ARISTA,1,27,MRGAMADASAVA,False,4936
afi-part1,ASAVA AND ARISTA,1,28,MRTASANJIVANI SURA,False,4972
afi-part1,ASAVA AND ARISTA,1,30,RODHRASAVA,False,5205
afi-part1,ASAVA AND ARISTA,1,29,MRDVIKARISTA,False,5218
afi-part1,ASAVA AND ARISTA,1,32,LOHASAVA,False,5275
afi-part1,ASAVA AND ARISTA,1,31,ROHITAKARISTA,False,5291
afi-part1,ASAVA AND ARISTA,1,33,VASAKASAVA,False,5314
afi-part1,ASAVA AND ARISTA,1,34,VIDANGARISTA,False,5395
afi-part1,ASAVA AND ARISTA,1,35,SRIKHANDASAVA,False,5533
afi-part1,ASAVA AND ARISTA,1,36,SARASVATARISTA,False,5601
afi-part1,ASAVA AND ARISTA,1,37,SARIVADYASAVA,False,5674
afi-part1,ARKA,2,2,KARPURADYARKA,False,5915
afi-part1,ARKA,2,3,JATAMAMSYARKA,False,6077
afi-part1,ARKA,2,4,MISREYARKA,False,6101
afi-part1,AVALEHA AND PAKA,3,2,ASVAGANDHADI LEHYA,False,6478
afi-part1,AVALEHA AND PAKA,3,3,ELADYA MODAKA,False,6513
afi-part1,AVALEHA AND PAKA,3,4,KANTAKARYAVALEHA,False,6567
afi-part1,AVALEHA AND PAKA,3,5,KALYANAKA GUDA,False,6619
afi-part1,AVALEHA AND PAKA,3,6,KUTAJAVALEHA,False,6666
afi-part1,AVALEHA AND PAKA,3,7,KUSMANDAKA RASAYANA,False,6798
afi-part1,AVALEHA AND PAKA,3,8,GUDAPIPPALI,False,6867
afi-part1,AVALEHA AND PAKA,3,9,GUDUCYADI MODAKA,False,6937
afi-part1,AVALEHA AND PAKA,3,10,CITRAKA HARITAKI,False,7015
afi-part1,AVALEHA AND PAKA,3,11,CYAVANAPRASA,False,7071
afi-part1,AVALEHA AND PAKA,3,13,DANTI HARITAKI,False,7472
afi-part1,AVALEHA AND PAKA,3,14,DASAMULA HARITAKI,False,7555
afi-part1,AVALEHA AND PAKA,3,15,DRAKSAVALEHA,False,7609
afi-part1,AVALEHA AND PAKA,3,16,NARIKELA KHANDA,False,7644
afi-part1,AVALEHA AND PAKA,3,18,BILVADI LEHA,False,7767
afi-part1,AVALEHA AND PAKA,3,19,MADHUSNUHI RASAYANA,False,7806
afi-part1,AVALEHA AND PAKA,3,20,BRAHMA RASAYANA,False,7895
afi-part1,AVALEHA AND PAKA,3,21,BHALLATAKADI MODAKA,False,8010
afi-part1,AVALEHA AND PAKA,3,22,BHARNGI GUDA,False,8034
afi-part1,AVALEHA AND PAKA,3,23,MANIBHADRA YOGA,False,8114
afi-part1,AVALEHA AND PAKA,3,24,MRDVIKADI LEHYA,False,8159
afi-part1,AVALEHA AND PAKA,3,25,LAGHU CINCADIKA LEHYA,False,8187
afi-part1,AVALEHA AND PAKA,3,26,VASAVALEHA,False,8248
afi-part1,AVALEHA AND PAKA,1,27,SATAVARI GUDA,False,8277
afi-part1,AVALEHA AND PAKA,3,28,SIVA GUTIKA,False,8363
afi-part1,AVALEHA AND PAKA,3,29,SURANAVALEHA,False,8423
afi-part1,AVALEHA AND PAKA,3,30,SAUBHAGYASUNTHI,False,8546
afi-part1,AVALEHA AND PAKA,3,31,HARIDRA KHANDA,False,8661
afi-part1,AVALEHA AND PAKA,3,32,HRDYAVIRECANA LEHA,False,8713
afi-part1,AVALEHA AND PAKA,4,3,ASTAVARGA KVATHA CURNA,False,9160
afi-part1,AVALEHA AND PAKA,4,2,ARDHABILVA KVATHA CURNA,False,9171
afi-part1,AVALEHA AND PAKA,4,4,ARAGVADHADI KVATHA CURNA,False,9182
afi-part1,AVALEHA AND PAKA,4,5,GANDHARVAHASTADI,False,9261
afi-part1,AVALEHA AND PAKA,4,6,CATURBHADRA KVATHA CURNA,False,9332
afi-part1,AVALEHA AND PAKA,4,7,CHINNODBHAVADI KVATHA CURNA,False,9350
afi-part1,AVALEHA AND PAKA,4,8,TRAYANTYADI KVATHA CURNA,False,9374
afi-part1,AVALEHA AND PAKA,4,9,DASAMULA KATUTRAYA KVATHA,False,9414
afi-part1,CURNA,4,10,DASAMULA KVATHA CURNA,False,9449
afi-part1,CURNA,4,11,DASAMULAPANCAKOLADI,False,9477
afi-part1,CURNA,4,12,DARUNAGARADI KVATHA CURNA,False,9516
afi-part1,CURNA,4,13,DRAKSADI KVATHA CURNA,False,9552
afi-part1,CURNA,4,14,NAYOPAYAM KVATHA CURNA,False,9606
afi-part1,CURNA,4,15,NIMBADI KVATHA CURNA,False,9627
afi-part1,CURNA,4,16,NYAGRODHADI KVATHA CURNA,False,9664
afi-part1,CURNA,4,17,PATOLADI KVATHA CURNA,False,9705
afi-part1,CURNA,4,18,PATOLAMULADI KVATHA CURNA,False,9731
afi-part1,CURNA,4,19,PANCATIKTA KVATHA CURNA,False,9761
afi-part1,CURNA,4,20,PACANAMRTA KVATHA CURNA,False,9785
afi-part1,CURNA,4,21,PUNARNAVADI KVATHA CURNA,False,9811
afi-part1,CURNA,4,22,PUNARNAVASTAKA KVATHA CURNA,False,9854
afi-part1,CURNA,4,23,BALAJIRAKADI KVATHA CURNA,False,9880
afi-part1,CURNA,4,24,BRHANMANJISTHADI KVATHA,False,9909
afi-part1,CURNA,4,25,BHARNGYADI KVATHA CURNA,False,10007
afi-part1,CURNA,4,26,MUSTAKARANJADI KVATHA,False,10034
afi-part1,CURNA,4,27,RASNADI KVATHA CURNA,False,10058
afi-part1,CURNA,4,28,RASNADI KVATHA CURNA,False,10112
afi-part1,CURNA,4,30,VASAGUDUCYADI KVATHA CURNA,False,10157
afi-part1,CURNA,4,29,RASNAIRANDADI KVATHA CURNA,False,10190
afi-part1,CURNA,4,31,VIDARYADI KVATHA CURNA,False,10222
afi-part1,CURNA,4,32,SADANGA KVATHA CURNA,False,10289
afi-part1,CURNA,4,33,SAPTASARA KVATHA CURNA,False,10316
afi-part1,GUGGULU,5,1,KANCANARA GUGGULU,False,10636
afi-part1,GUGGULU,5,2,KAISORA GUGGULU,False,10688
afi-part1,GUGGULU,5,3,GOKSURADI GUGGULU,False,10753
afi-part1,GUGGULU,5,4,TRAYODASANGA GUGGULU,False,10807
afi-part1,GUGGULU,5,5,TRIPHALA GUGGULU,False,10859
afi-part1,GUGGULU,5,6,MAHA YOGARAJA GUGGULU,False,10887
afi-part1,GUGGULU,5,8,LAKSA GUGGULU,False,10994
afi-part1,GUGGULU,5,9,VYOSADI GUGGULU,False,11019
afi-part1,GUGGULU,5,10,VATARI GUGGULU,False,11053
afi-part1,GUGGULU,5,11,SAPTAVIMSATIKA GUGGULU,False,11087
afi-part1,GUGGULU,5,12,SIMHANADA GUGGULU,False,11167
afi-part1,GHRTA,6,1,AMRTA GHRTA,False,11994
afi-part1,GHRTA,6,2,AMRTAPRAS A GHRTA,True,12012
afi-part1,GHRTA,6,3,AMRTABHALLATAKA GHRTA,False,12144
afi-part1,GHRTA,6,4,ASOKA GHRTA,False,12197
afi-part1,GHRTA,6,5,INDUKANTA GHRTA,False,12268
afi-part1,GHRTA,6,6,ELADI GHRTA,False,12377
afi-part1,GHRTA,6,7,KALYANAKA GHRTA,False,12469
afi-part1,GHRTA,6,8,KASISADI GHRTA,False,12532
afi-part1,GHRTA,6,9,CANGERI GHRTA,False,12555
afi-part1,GHRTA,6,10,CHAGALADYA GHRTA,False,12591
afi-part1,GHRTA,6,11,JATYADI GHRTA,False,12634
afi-part1,GHRTA,6,12,JIVANTYADI GHRTA,False,12673
afi-part1,GHRTA,6,13,TIKTAKA GHRTA,False,12722
afi-part1,GHRTA,6,14,TRIPHALA GHRTA,False,12771
afi-part1,GHRTA,6,15,TRAIKANTAKA GHRTA,False,12825
afi-part1,GHRTA,6,16,DASAMULA GHRTA,False,12873
afi-part1,GHRTA,6,17,DAS AMULASATPALAKA GHRTA,False,12924
afi-part1,GHRTA,6,18,DASAMULASATPALAKA GHRTA,False,12966
afi-part1,GHRTA,6,20,DADHIKA GHRTA,False,12996
afi-part1,GHRTA,6,19,DADIMADI GHRTA,False,13032
afi-part1,GHRTA,6,21,DHATRYADI GHRTA,False,13371
afi-part1,GHRTA,6,22,DHANVANTARA GHRTA,False,13467
afi-part1,GHRTA,6,23,NARASIMHA GHRTA RASAYANA,False,13625
afi-part1,GHRTA,6,24,NIRGUNDI GHRTA,False,13709
afi-part1,GHRTA,6,25,PANCAGAVYA GHRTA,False,13744
afi-part1,GHRTA,6,26,PANCATIKTA GHRTA,False,13766
afi-part1,GHRTA,6,27,PANCATIKTAGUGGULU GHRTA,False,13818
afi-part1,GHRTA,6,28,PATOLADI GHRTA,False,13904
afi-part1,GHRTA,6,29,PIPPALYADI GHRTA,False,13957
afi-part1,GHRTA,6,30,PHALA GHRTA,False,14001
afi-part1,GHRTA,6,31,BRHAT PHALA GHRTA,False,14048
afi-part1,GHRTA,6,32,BRAHMI GHRTA,False,14179
afi-part1,GHRTA,6,34,MAHATIKTAKA GHRTA,False,14288
afi-part1,GHRTA,6,36,MAHA PANCAGAVYA GHRTA,False,14374
afi-part1,GHRTA,6,35,MAHA TRIPHALADYA GHRTA,False,14380
afi-part1,GHRTA,6,37,MIS RAKA SNEHA,False,14649
afi-part1,GHRTA,6,39,VAJRAKA GHRTA,False,14756
afi-part1,GHRTA,6,40,VASTYAMAYANTAKA GHRTA,False,14823
afi-part1,GHRTA,6,42,SATPALA GHRTA,False,15017
afi-part1,GHRTA,6,43,SARASVATA GHRTA,False,15049
afi-part1,GHRTA,6,44,SUKUMARA GHRTA,False,15079
afi-part1,CURNA,7,2,AVIPATTIKARA CURNA,False,15845
afi-part1,CURNA,7,4,INTUPPUKANA CURNA,False,15913
afi-part1,CURNA,7,5,ELADI CURNA,False,15930
afi-part1,CURNA,7,6,KARPURADI CURNA,False,15954
afi-part1,CURNA,7,7,YAVANYADI CURNA,False,15995
afi-part1,CURNA,7,8,GOMUTRA HARITAKI,False,16045
afi-part1,CURNA,7,9,CANDANADI CURNA,False,16078
afi-part1,CURNA,7,10,CATURJATA CURNA,False,16127
afi-part1,CURNA,7,11,CITRAKADI CURNA,False,16149
afi-part1,CURNA,7,12,JATIPHALADYA CURNA,False,16210
afi-part1,CURNA,7,13,TALISADYA CURNA,False,16305
afi-part1,CURNA,7,14,TRIKATU CURNA,False,16357
afi-part1,CURNA,7,15,TRIPHALA CURNA,False,16391
afi-part1,CURNA,7,16,DRAKSADI CURNA,False,16415
afi-part1,CURNA,7,17,NAVAYASA CURNA,False,16477
afi-part1,CURNA,7,18,NARASIMHA CURNA,False,16522
afi-part1,CURNA,7,19,NARAYANA CURNA,False,16571
afi-part1,CURNA,7,20,NIMBADI CURNA,False,16654
afi-part1,CURNA,7,21,NYAGRODHADI CURNA,False,16672
afi-part1,CURNA,7,22,PANCASAMA CURNA,False,16874
afi-part1,CURNA,7,24,BALACATURBHADRIKA CURNA,False,16902
afi-part1,CURNA,7,23,PUSYANUGA CURNA,False,16905
afi-part1,CURNA,7,25,BRHAT GANGADHARA CURNA,False,16952
afi-part1,CURNA,7,26,BHALLATAKA RASAYANA,False,16992
afi-part1,CURNA,7,27,BHASKARA LAVANA CURNA,False,17020
afi-part1,CURNA,7,28,YAVANI SANDAVA,False,17072
afi-part1,CURNA,7,29,RAJANYADI CURNA,False,17115
afi-part1,CURNA,7,30,VAIS VANARA CURNA,False,17148
afi-part1,CURNA,7,31,SRNGYADI CURNA,False,17180
afi-part1,CURNA,7,32,SAMANGADI CURNA,False,17208
afi-part1,CURNA,7,33,SAMUDRADYA CURNA,False,17234
afi-part1,CURNA,7,34,SITOPALADI CURNA,False,17283
afi-part1,CURNA,7,35,SUDARSANA CURNA,False,17316
afi-part1,CURNA,7,36,SVALPANAYIKA CURNA,False,17572
afi-part1,CURNA,7,37,HINGVASTAKA CURNA,False,17609
afi-part1,CURNA,7,38,HINGVADI CURNA,False,17650
afi-part1,CURNA,7,39,HINGUVACADI CURNA,False,17716
afi-part1,CURNA,7,40,HUTABHUGADI CURNA,False,17819
afi-part1,TAILA,8,3,ASANABILVADI TAILA,False,19067
afi-part1,TAILA,8,4,KANAKA TAILA,False,19098
afi-part1,TAILA,8,5,KAYYONNYADI TAILA,False,19134
afi-part1,TAILA,8,6,KARPASASTHYADI TAILA,False,19161
afi-part1,TAILA,8,7,KASISADI TAILA,False,19214
afi-part1,TAILA,8,8,KUNKUMADI TAILA,False,19255
afi-part1,TAILA,8,9,KUSTHARAKSASA TAILA,False,19317
afi-part1,TAILA,8,10,KOTTAMCUKKADI TAILA,False,19361
afi-part1,TAILA,8,11,KSIRABALA TAILA,False,19398
afi-part1,TAILA,8,12,GANDHARVAHASTA TAILA,False,19425
afi-part1,TAILA,8,13,GRAHANIMIHIRA TAILA,False,19470
afi-part1,TAILA,8,14,CANDANADI TAILA,False,19557
afi-part1,TAILA,8,15,CANDANABALALAKSADI TAILA,False,19623
afi-part1,TAILA,8,16,CITRAKADI TAILA,False,19646
afi-part1,TAILA,8,17,JATYADI TAILA,False,19680
afi-part1,TAILA,8,18,JYOTISMATI TAILA,False,19728
afi-part1,TAILA,8,19,TUNGADRUMADI TAILA,False,19753
afi-part1,TAILA,8,20,TUVARAKA TAILA,False,19785
afi-part1,TAILA,8,21,TRIPHALADI TAILA,False,19824
afi-part1,TAILA,8,22,DHANVANTARA TAILA,False,20004
afi-part1,TAILA,8,23,NARAYANA TAILA,False,20073
afi-part1,TAILA,8,24,NALPAMARADI TAILA,False,20153
afi-part1,TAILA,8,25,NILIKADYA TAILA,False,20207
afi-part1,TAILA,8,26,NILIBHRNGADI,False,20264
afi-part1,TAILA,8,27,PARINATAKERIKSIRADI TAILA,False,20294
afi-part1,TAILA,8,28,PINDA TAILA,False,20324
afi-part1,TAILA,8,30,PRABHANJANA VIMARDANA TAILA,False,20339
afi-part1,TAILA,8,29,PIPPALYADI TAILA,False,20363
afi-part1,TAILA,8,31,PRAMEHA MIHIRA TAILA,False,20422
afi-part1,TAILA,8,32,PRASARINI TAILA,False,20686
afi-part1,TAILA,8,33,BALA TAILA,False,20739
afi-part1,TAILA,8,34,BALAGUDUCYADI TAILA,False,20933
afi-part1,TAILA,8,35,BALADHATRYADI TAILA,False,20963
afi-part1,TAILA,8,36,BALASVAGANDHALAKSADI TAILA,False,21011
afi-part1,TAILA,8,38,BRHAT GUDUCI TAILA,False,21073
afi-part1,TAILA,8,37,BALAHATHADI TAILA,False,21115
afi-part1,TAILA,8,39,BRHATMASA TAILA,False,21294
afi-part1,TAILA,8,40,BRHAT SAINDHAVADYA TAILA,False,21581
afi-part1,TAILA,8,41,BHRNGAMALAKADI TAILA,False,21638
afi-part1,TAILA,8,42,BHRNGARAJA TAILA,False,21666
afi-part1,TAILA,8,43,MANJISTHADI TAILA,False,21722
afi-part1,TAILA,8,45,MAHA NARAYANA TAILA,False,21882
afi-part1,TAILA,8,46,MAHA VISAGARBHA TAILA,False,22112
afi-part1,TAILA,8,47,YASTIMADHUKA TAILA,False,22300
afi-part1,TAILA,8,48,LAGHU VISAGARBHA TAILA,False,22321
afi-part1,TAILA,8,49,LAKSADI TAILA,False,22353
afi-part1,TAILA,8,52,VACALASUNADI TAILA,False,22363
afi-part1,TAILA,8,50,LANGALI TAILA,False,22383
afi-part1,TAILA,8,53,VAJRAKA TAILA,False,22389
afi-part1,TAILA,8,51,VACADI TAILA,False,22398
afi-part1,TAILA,8,54,VASACANDANADI TAILA,False,22455
afi-part1,TAILA,8,55,VISATINDUKA TAILA,False,22476
afi-part1,TAILA,8,56,VRANARAKSASA TAILA,False,22551
afi-part1,TAILA,8,57,SUSKAMULAKA TAILA,False,22585
afi-part1,TAILA,8,58,SADBINDU TAILA,False,22610
afi-part1,TAILA,8,59,SAHACARADI TAILA,False,22648
afi-part1,TAILA,8,60,SAINDHAVADI TAILA,False,22759
afi-part1,TAILA,8,61,SOMARAJI TAILA,False,22784
afi-part1,TAILA,8,62,HINGUTRIGUNA TAILA,False,22824
afi-part1,LAVANA KSARA,10,1,ARKA LAVANA,False,23018
afi-part1,LAVANA KSARA,10,2,APAMARGA KSARA,False,23050
afi-part1,LAVANA KSARA,10,3,ABHAYA LAVANA,False,23106
afi-part1,LAVANA KSARA,10,4,AVITTOLADI BHASMA,False,23196
afi-part1,LAVANA KSARA,10,5,KADALI KSARA,False,23233
afi-part1,LAVANA KSARA,10,6,KALYANA KSARA,False,23256
afi-part1,LAVANA KSARA,10,7,NARIKELA LAVANA,False,23306
afi-part1,LAVANA KSARA,10,8,PANAVIRALADI BHASMA,False,23346
afi-part1,LAVANA KSARA,10,9,PALASA KSARA,False,23369
afi-part1,LAVANA KSARA,10,10,MULAKA KSARA,False,23389
afi-part1,LAVANA KSARA,10,11,YAVA KSARA,False,23415
afi-part1,LAVANA KSARA,10,12,VAJRA KSARA,False,23443
afi-part1,LAVANA KSARA,10,13,VASA KSARA,False,23501
afi-part1,LEPA,11,2,KACCURADI CURNA,False,23816
afi-part1,LEPA,11,3,KALAKA CURNA,False,23890
afi-part1,LEPA,11,4,GRHADHUMADI LEPA,False,23935
afi-part1,LEPA,11,5,TUTTHADI LEPA,False,23959
afi-part1,LEPA,11,6,DASANGA LEPA,False,23991
afi-part1,LEPA,11,7,PATHYADI LEPA,False,24024
afi-part1,LEPA,11,8,RASNADI CURNA,False,24047
afi-part1,LEPA,11,9,RASOTTAMADI LEPA CURNA,False,24098
afi-part1,LEPA,11,10,SOTHAGHNA LEPA,False,24136
afi-part1,LEPA,11,11,SARSAPADI PRALEPA,False,24155
afi-part1,LEPA,11,12,SINDURADI LEPA,False,24187
afi-part1,VATI AND GUTIKA,12,1,AGNITUNDIVATI,False,24690
afi-part1,VATI AND GUTIKA,12,2,ASTAKSARI GUTIKA,False,24741
afi-part1,VATI AND GUTIKA,12,3,ELADI,False,24862
afi-part1,VATI AND GUTIKA,12,4,KASTURYADI,False,24916
afi-part1,VATI AND GUTIKA,12,5,KANKAYANA GUTIKA,False,25052
afi-part1,VATI AND GUTIKA,12,6,KHADIRADI GUTIKA,False,25120
afi-part1,VATI AND GUTIKA,12,7,KHADIRADI GUTIKA,False,25200
afi-part1,VATI AND GUTIKA,12,8,GANDHAKA,False,25269
afi-part1,VATI AND GUTIKA,12,9,GOROCANADI VATI,False,25309
afi-part1,VATI AND GUTIKA,12,10,CANDRAPRABHA VATI,False,25358
afi-part1,VATI AND GUTIKA,12,11,CITRAKADI GUTIKA,False,25471
afi-part1,VATI AND GUTIKA,12,12,CUKKUMTIPPALYADIGUTIKA,False,25593
afi-part1,VATI AND GUTIKA,12,13,DUGDHA,False,25691
afi-part1,VATI AND GUTIKA,12,14,DHANVANTARA GUTIKA,False,25719
afi-part1,VATI AND GUTIKA,12,15,PRABHAKARA,False,25774
afi-part1,VATI AND GUTIKA,12,16,PRANADA GUTIKA,False,25800
afi-part1,VATI AND GUTIKA,12,17,PLIHARI VATIKA,False,25849
afi-part1,VATI AND GUTIKA,12,18,BILVADI GUTIKA,False,25878
afi-part1,VATI AND GUTIKA,12,19,MARMA GUTIKA,False,25915
afi-part1,VATI AND GUTIKA,12,20,MARICADI GUTIKA,False,25959
afi-part1,VATI AND GUTIKA,12,21,MANASAMITRA VATAKA,False,25979
afi-part1,VATI AND GUTIKA,12,23,MRTASANJIVANI GUTIKA,False,26225
afi-part1,VATI AND GUTIKA,12,24,YAKRT SULAVINASINI VATIKA,False,26299
afi-part1,VATI AND GUTIKA,12,25,RAJAHPRAVARTINI VATI,False,26333
afi-part1,VATI AND GUTIKA,12,26,LAVANGADI VATI,False,26368
afi-part1,VATI AND GUTIKA,12,27,LASUNADI VATI,False,26394
afi-part1,VATI AND GUTIKA,12,28,SIVA GUTIKA,False,26423
afi-part1,VATI AND GUTIKA,12,29,SUKRAMATRKA VATI,False,26523
afi-part1,VATI AND GUTIKA,12,30,SULAHARANA YOGA,False,26570
afi-part1,VATI AND GUTIKA,12,31,SULAVAJRINI VATIKA,False,26605
afi-part1,VATI AND GUTIKA,12,32,SANKHA VATI,False,26664
afi-part1,VATI AND GUTIKA,12,33,SAUBHAGYA VATI,False,26707
afi-part1,VATI AND GUTIKA,12,34,SURANA VATAKA,False,26757
afi-part1,VATI AND GUTIKA,12,35,SANJIVANI VATI,False,26803
afi-part1,VATI AND GUTIKA,13,2,KAYASTHADYA VARTTI,False,26964
afi-part1,VATI AND GUTIKA,13,3,CANDRODAYA VARTTI,False,27030
afi-part1,VATI AND GUTIKA,13,4,TAMRADI GUTIKA,False,27059
afi-part1,VATI AND GUTIKA,13,5,DANTA VARTTI,False,27105
afi-part1,VATI AND GUTIKA,13,6,MUKTADI MAHANJANA,False,27137
afi-part1,VATI AND GUTIKA,13,8,VIMALA VARTTI,False,27247
afi-part1,KUPIPAKVA RASAYANA,15,2,MAKARA DHVAJA,False,27658
afi-part1,KUPIPAKVA RASAYANA,15,3,MALLASINDURA,False,27707
afi-part1,KUPIPAKVA RASAYANA,15,4,RASAKARPURA,False,27730
afi-part1,KUPIPAKVA RASAYANA,15,5,RASAPUSPA,False,27790
afi-part1,KUPIPAKVA RASAYANA,15,6,RASASINDURA,False,27830
afi-part1,KUPIPAKVA RASAYANA,15,7,VATAGNIKUMARA RASA,False,27884
afi-part1,KUPIPAKVA RASAYANA,15,9,SVARNAVANGA,False,27937
afi-part1,KUPIPAKVA RASAYANA,15,10,SVARNASINDURA,False,27996
afi-part1,PARPATI,6,1,PANCAMRTA PARPATI,False,28153
afi-part1,PARPATI,16,4,LAUHA PARPATI,False,28215
afi-part1,PARPATI,16,2,BOLA PARPATI,False,28226
afi-part1,PARPATI,16,5,SVARNA PARPATI,False,28270
afi-part1,PISTI,7,1,TRNAKANTAMANI PISTI,False,28395
afi-part1,PISTI,17,2,PRAVALA PISTI,False,28421
afi-part1,PISTI,17,3,MANIKYA PISTI,False,28448
afi-part1,PISTI,17,4,MUKTA PISTI,False,28473
afi-part1,BHASMA,8,1,ABHRAKA BHASMA,False,29178
afi-part1,BHASMA,18,2,KAPARDIKA BHASMA,False,29804
afi-part1,BHASMA,18,3,KASISA BHASMA,False,29874
afi-part1,BHASMA,18,4,GODANTI BHASMA,False,29947
afi-part1,BHASMA,18,5,TAMRA BHASMA,False,30006
afi-part1,BHASMA,18,6,TRIVANGA,False,30208
afi-part1,BHASMA,18,7,NAGA BHASMA,False,30261
afi-part1,BHASMA,18,8,PRAVALA BHASMA,False,30380
afi-part1,BHASMA,18,9,MANDURA BHASMA,False,30468
afi-part1,BHASMA,18,10,MUKTA BHASMA,False,30545
afi-part1,BHASMA,18,11,MUKTASUKTI BHASMA,False,30599
afi-part1,BHASMA,18,12,YASADA BHASMA,False,30686
afi-part1,BHASMA,18,13,RAJATA BHASMA,False,30728
afi-part1,BHASMA,18,14,LOHA BHASMA,False,30896
afi-part1,BHASMA,18,15,VANGA BHASMA,False,31090
afi-part1,BHASMA,18,16,VAJRA BHASMA,False,31362
afi-part1,BHASMA,18,17,VAIKRANTA BHASMA,False,31447
afi-part1,BHASMA,18,18,SANKHA BHASMA,False,31505
afi-part1,BHASMA,18,19,SRNGA BHASMA,False,31606
afi-part1,BHASMA,18,20,SVARNA BHASMA,False,31731
afi-part1,BHASMA,18,21,SVARNAMAKSIKA BHASMA,False,31808
afi-part1,BHASMA,18,22,HARITALA BHASMA,False,31944
afi-part1,MANDURA,19,2,MANDURA VATAKA,False,32229
afi-part1,RASAYOGA,20,2,ASVAKANCUKI RASA,False,32698
afi-part1,RASAYOGA,20,3,ANANDABHAIRAVA RASA,False,32745
afi-part1,RASAYOGA,20,4,AROGYAVARDHINI GUTIKA,False,32781
afi-part1,RASAYOGA,20,5,ICCHABHEDI RASA,False,32828
afi-part1,RASAYOGA,20,6,EKANGAVIRA RASA,False,32857
afi-part1,RASAYOGA,20,7,KARPURA RASA,False,32931
afi-part1,RASAYOGA,20,8,KAPHAKETU RASA,False,33031
afi-part1,RASAYOGA,20,9,KUMARAKALYANA RASA,False,33071
afi-part1,RASAYOGA,20,10,KRMIMUDGARA RASA,False,33106
afi-part1,RASAYOGA,20,11,GAGANASUNDARA RASA,False,33138
afi-part1,RASAYOGA,20,12,BRHAT GARBHACINTAMANI RASA,False,33166
afi-part1,RASAYOGA,20,13,CATURBHUJA RASA,False,33237
afi-part1,RASAYOGA,20,14,CATURMUKHA RASA,False,33286
afi-part1,RASAYOGA,20,15,CANDRAKALA RASA,False,33337
afi-part1,RASAYOGA,20,16,CANDRAMRTA RASA,False,33478
afi-part1,RASAYOGA,20,17,CINTAMANICATURMUKHA RASA,False,33521
afi-part1,RASAYOGA,20,18,JVARARYABHRA,False,33563
afi-part1,RASAYOGA,20,19,TARUNARKA RASA,False,33601
afi-part1,RASAYOGA,20,20,TRIBHUVANAKIRTI RASA,False,33638
afi-part1,RASAYOGA,20,21,NAVARATNARAJAMRGANKA RASA,False,33682
afi-part1,RASAYOGA,20,22,NAGAVALLABHA RASA,False,34013
afi-part1,RASAYOGA,20,23,PRABHAKARA RASA,False,34053
afi-part1,RASAYOGA,20,24,BRHAT KASTURIBHAIRAVA RASA,False,34098
afi-part1,RASAYOGA,20,25,BRHAT NRPAVALLABHA RASA,False,34150
afi-part1,RASAYOGA,20,26,BRHAT VATACINTAMANI RASA,False,34214
afi-part1,RASAYOGA,20,27,MAHA LAKSMIVILASA RASA,False,34253
afi-part1,RASAYOGA,20,28,MAHA VATAGAJANKUS A RASA,True,34311
afi-part1,RASAYOGA,20,29,MUKTAPANCAMRTA RASA,False,34358
afi-part1,RASAYOGA,20,30,MRTYUNJAYA RASA,False,34429
afi-part1,RASAYOGA,20,31,YOGENDRA RASA,False,34470
afi-part1,RASAYOGA,20,32,RATNAGIRI RASA,False,34520
afi-part1,RASAYOGA,20,33,RASAMANIKYA,False,34700
afi-part1,RASAYOGA,20,34,RASARAJA RASA,False,34733
afi-part1,RASAYOGA,20,35,RAJAMRGANKA RASA,False,34784
afi-part1,RASAYOGA,20,36,LAGHU MALINIVASANTA RASA,False,34839
afi-part1,RASAYOGA,20,37,LAGHVANANDA RASA,False,34886
afi-part1,RASAYOGA,20,38,LAKSMINARAYANA RASA,False,34925
afi-part1,RASAYOGA,20,39,LAKSMIVILASA RASA,False,35003
afi-part1,RASAYOGA,20,40,LAKANATHA RASA,False,35059
afi-part1,RASAYOGA,20,41,VASANTA MALATI RASA,False,35115
afi-part1,RASAYOGA,20,42,VASANTAKUSUMAKARA RASA,False,35152
afi-part1,RASAYOGA,20,43,VATAKULANTAKA RASA,False,35297
afi-part1,RASAYOGA,20,44,VATARAKTANTAKA RASA,False,35335
afi-part1,RASAYOGA,20,45,VATAVIDHVAMSANA RASA,False,35397
afi-part1,RASAYOGA,20,46,VATARI RASA,False,35603
afi-part1,RASAYOGA,20,47,VARISOSANA RASA,False,35633
afi-part1,RASAYOGA,20,48,SRINRPATIVALLABHA RASA,False,35782
afi-part1,RASAYOGA,20,49,SVASAKUTHARA RASA,False,35859
afi-part1,RASAYOGA,20,50,SIDDHAPRANES VARA RASA,False,35892
afi-part1,RASAYOGA,20,51,SVARNABHUPATI RASA,False,35947
afi-part1,RASAYOGA,20,52,SUTASEKHARA RASA,False,36001
afi-part1,RASAYOGA,20,53,SUCIKABHARANA RASA,False,36050
afi-part1,RASAYOGA,20,54,SUTIKABHARANA RASA,False,36112
afi-part1,RASAYOGA,20,55,HRDAYARNAVA RASA,False,36160
afi-part1,LAUHA,21,1,CANDANADI LAUHA,False,36322
afi-part1,LAUHA,21,2,DHATRI LAUHA,False,36355
afi-part1,LAUHA,21,3,PIPPALYADI LAUHA,False,36393
afi-part1,LAUHA,21,4,PUTAPAKVA VISAMA,False,36421
afi-part1,LAUHA,21,5,PRADARANTAKA LAUHA,False,36481
afi-part1,LAUHA,21,6,PRADARARI LAUHA,False,36545
afi-part1,LAUHA,21,7,YAKRDARI LAUHA,False,36600
afi-part1,LAUHA,21,8,ROHITAKA LAUHA,False,36633
afi-part1,LAUHA,21,9,VIDANGA LAUHA,False,36667
afi-part1,LAUHA,21,10,VIDANGADI LAUHA,False,36703
afi-part1,LAUHA,21,11,SAPTAMRTA LAUHA,False,36754
afi-part1,LAUHA,21,12,SARVAJVARAHARA LAUHA,False,36783
afi-part2,ARKA,2,1,PUNDINARKA,False,3053
afi-part2,ARKA,3,1,ASTANGAVALEHA,False,3262
afi-part2,ARKA,3,2,ARDRAKA KHANDA AVALEHA,False,3325
afi-part2,ARKA,3,3,ERANDA PAKA,False,3373
afi-part2,ARKA,3,4,KALYANAVALEHA,False,3468
afi-part2,ARKA,3,5,PUGA KHANDA,False,3528
afi-part2,ARKA,3,6,VYAGHRI HARITAKI,False,3713
afi-part2,ARKA,4,1,ANGAMARDAPRASAMANA KASAYA CURNA,False,4361
afi-part2,ARKA,4,3,ASMARIHARA KASAYA CURNA,False,4502
afi-part2,ARKA,4,4,KUTAJASTAKA KVATHA CURNA,False,4567
afi-part2,ARKA,4,5,KRMIGHNA KASAYA CURNA,False,4625
afi-part2,ARKA,4,6,GUDUCYADI GANA KVATHA CURNA,True,4698
afi-part2,ARKA,4,7,GOJIHVADI KVATHA CURNA,False,4732
afi-part2,ARKA,4,8,TRNAPANCAMULA KVATHA CURNA,False,4830
afi-part2,ARKA,4,10,TRIPHALA KASAYA CURNA,False,4887
afi-part2,ARKA,4,11,DARVYADI KVATHA CURNA,False,4914
afi-part2,ARKA,4,12,DEVADARVAD,False,4948
afi-part2,ARKA,4,13,DHANYAPANCAKA KVATHA CURNA,False,5006
afi-part2,ARKA,4,14,NIMBADI KVATHA CURNA,False,5069
afi-part2,ARKA,4,15,PATHAYADI KVATHA,False,5147
afi-part2,ARKA,4,16,PHALATRIKADI KVATHA CURNA,False,5201
afi-part2,ARKA,4,17,MASABALADI KVATHA CURNA,False,5247
afi-part2,ARKA,4,18,MUTRAVIRECANIYA KASAYA CURNA,False,5300
afi-part2,ARKA,4,19,MUTRASANGRAHANIYA KASAYA CURNA,False,5373
afi-part2,ARKA,4,20,RASNASAPTAKA KVATHA CURNA,False,5410
afi-part2,ARKA,4,21,VATSAKADI KVATHA CURNA,False,5487
afi-part2,ARKA,4,22,VARUNADI KVATHA CURNA,False,5533
afi-part2,ARKA,4,23,SVASAHARA KASAYA CURNA,False,5579
afi-part2,ARKA,4,24,STANYAJANANA KASAYA CURNA,False,5653
afi-part2,ARKA,4,25,STANYASODHANA KASAYA CURNA,False,5737
afi-part2,GUGGULU,5,1,PANCAMRTA LAUHA GUGGULU,False,5972
afi-part2,GHRTA,6,2,BRHAT ASVAGANDHA GHRTA,False,6466
afi-part2,GHRTA,6,3,BRHACCHAGALADYA GHRTA,False,6668
afi-part2,GHRTA,6,4,SATAVARYADI GHRTA,False,6966
afi-part2,CURNA,7,1,AGNIMUKHA CURNA,False,7402
afi-part2,CURNA,7,9,NASIKA CURNA,False,7908
afi-part2,TAILA,8,1,APAMARGA KSARA TAILA,False,9181
afi-part2,TAILA,8,4,KSARA TAILA,False,9425
afi-part2,TAILA,8,5,GUDUCYADI TAILA,False,9562
afi-part2,TAILA,8,6,DASAMULA TAILA,False,9809
afi-part2,TAILA,8,7,PANCA GUNA TAILA,False,9956
afi-part2,TAILA,8,8,PIPPALYADI TAILA,False,10076
afi-part2,TAILA,8,10,MADHYAMA NARAYANA TAILA,False,10351
afi-part2,TAILA,8,11,MARICADYA TAILA,False,10556
afi-part2,TAILA,8,12,MAHALAKSADI TAILA,False,10697
afi-part2,TAILA,8,13,MUSIKADYA TAILA,False,10765
afi-part2,TAILA,8,14,VAYUCCHAYA SURENDRA TAILA,False,10895
afi-part2,TAILA,8,15,VISNU TAILA,False,11033
afi-part2,TAILA,8,16,VYAGHRI TAILA,False,11163
afi-part2,TAILA,8,17,SAMBUKADYA TAILA,False,11252
afi-part2,TAILA,8,18,HINGVADI TAILA,False,11295
afi-part2,LEPA,9,1,ASTHISANDHANAKA LEPA,False,11434
afi-part2,LEPA,9,2,GANDHAKADYAMALAHARA,False,11506
afi-part2,LEPA,9,3,PARADADI LEPA,False,11545
afi-part2,LEPA,9,4,VRDDHIHARA LEPA,False,11591
afi-part2,LEPA,9,5,SVETA MALAHAMA,False,11637
afi-part2,VATI AND GUTIKA,10,1,ABHAYA,False,11990
afi-part2,VATI AND GUTIKA,10,4,KUTAJAGHANA,False,12114
afi-part2,VATI AND GUTIKA,10,5,JVARAGHNI GUTIKA,False,12156
afi-part2,VATI AND GUTIKA,10,6,DRAKSADI GUTIKA,False,12199
afi-part2,VATI AND GUTIKA,10,8,BHUVANESVARA,False,12248
afi-part2,VATI AND GUTIKA,10,9,MAHASANKHA,False,12315
afi-part2,VATI AND GUTIKA,10,10,MAHAGANDHAKA VATI,False,12397
afi-part2,VATI AND GUTIKA,10,11,SARPAGANDHAGHANA VATI,False,12451
afi-part2,VATI AND GUTIKA,10,12,SARVATOBHADRA,False,12488
afi-part2,VATI AND GUTIKA,10,13,SAMSAMANI,False,12524
afi-part2,VATI AND GUTIKA,10,14,SUKHAVIRECANA VATI,False,12551
afi-part2,VARTTI-NETRABINDU AND ANJANA,11,1,NAYANAMRTANJANA,False,12726
afi-part2,VARTTI-NETRABINDU AND ANJANA,11,2,NAGARJUNANJANA,False,12771
afi-part2,PARPATI,12,1,TAMRA,False,13010
afi-part2,PARPATI,12,2,SVETA PARPATI,False,13072
afi-part2,PISTI,13,1,AKIKA PISTI,False,13258
afi-part2,PISTI,13,2,JAHARAMOHARA PISTI,False,13299
afi-part2,BHASMA,14,1,AKIKA BHASMA,False,13532
afi-part2,BHASMA,14,4,HAJARULAYAHUDA BHASMA,False,13660
afi-part2,BHASMA,14,5,VARATIKA BHASMA,False,13690
afi-part2,MANDURA,15,1,TARAMANDURA GUDA,False,13985
afi-part2,MANDURA,16,1,AJIRNA KANTAKA RASA,False,15181
afi-part2,MANDURA,16,2,ARSAKUTHARA RASA,False,15232
afi-part2,MANDURA,16,3,AMAVATARI RASA,False,15308
afi-part2,MANDURA,16,5,KANAKASUNDARA RASA,False,15421
afi-part2,MANDURA,16,6,KASTURI BHAIRAVA RASA,False,15467
afi-part2,MANDURA,16,7,KANCANABHRA RASA,False,15538
afi-part2,MANDURA,16,8,KANTAVALLABHA RASA,False,15621
afi-part2,MANDURA,16,9,KAMADUDHA RASA,False,15675
afi-part2,MANDURA,16,10,KALAKUTA RASA,False,15747
afi-part2,MANDURA,16,11,KRAVYADA RASA,False,15887
afi-part2,MANDURA,16,12,KRMI KUTHARA RASA,False,15980
afi-part2,MANDURA,16,13,GANDAMALA KANDANA RASA,False,16021
afi-part2,MANDURA,16,14,GARBHAPALA RASA,False,16074
afi-part2,MANDURA,16,15,GARBHA CINTAMANI RASA,False,16136
afi-part2,MANDURA,16,16,GULMA KALANALA RASA,False,16219
afi-part2,MANDURA,16,17,GRAHANI KAPATA RASA,False,16366
afi-part2,MANDURA,16,18,CANDRAMSU RASA,False,16409
afi-part2,MANDURA,16,19,JALODARARI RASA,False,16457
afi-part2,MANDURA,16,20,JAVAHARA MOHARA,False,16510
afi-part2,MANDURA,16,21,JVARANKUSA RASA,False,16586
afi-part2,MANDURA,16,22,JVARANKUSA RASA,False,16642
afi-part2,MANDURA,16,23,TARAKESVARA RASA,False,16686
afi-part2,MANDURA,16,24,TRIVIKRAMA RASA,False,16733
afi-part2,MANDURA,16,25,DANTODBHEDA GADANTAKA RASA,False,16783
afi-part2,MANDURA,16,26,NARACA RASA,False,16906
afi-part2,MANDURA,16,27,NAGARJUNABHRA RASA,False,16955
afi-part2,MANDURA,16,28,NITYANANDA RASA,False,16990
afi-part2,MANDURA,16,29,NIDRODAYA RASA,False,17195
afi-part2,MANDURA,16,30,NRPATIVALLABHA RASA,False,17260
afi-part2,MANDURA,16,31,PANCANANA RASA,False,17404
afi-part2,MANDURA,16,32,PIYUSAVALLI RASA,False,17445
afi-part2,MANDURA,16,33,PUSPADHANVA RASA,False,17590
afi-part2,MANDURA,16,34,PURNACANDRA RASA,False,17628
afi-part2,MANDURA,16,35,PRATAPALANKESVARA RASA,False,17702
afi-part2,MANDURA,16,36,PRADARANTAKA RASA,False,17788
afi-part2,MANDURA,16,37,PRAVALA PANCAMRTA RASA,False,17844
afi-part2,MANDURA,16,39,BRHADAGNIKUMARA RASA,False,17956
afi-part2,MANDURA,16,40,BRHAT CANDRODAYA MAKARADHVAJA,False,18070
afi-part2,MANDURA,16,41,BRHAT PURNACANDRA RASA,False,18154
afi-part2,MANDURA,16,42,BRHAT VANGESVARA RASA,False,18259
afi-part2,MANDURA,16,43,BRHAT VIDYADHARABHRA RASA,False,18333
afi-part2,MANDURA,16,44,BRHATCCHRNGARABHRA RASA,False,18462
afi-part2,MANDURA,16,45,BRAHMI VATI,False,18621
afi-part2,MANDURA,16,46,MANMATHABHRA RASA,False,18644
afi-part2,MANDURA,16,47,MAHA JVARANKUSA RASA,False,18755
afi-part2,MANDURA,16,48,MAHATARUNARKA RASA,False,18911
afi-part2,MANDURA,16,49,MAHA VATA VIDHVAMSANA RASA,True,18991
afi-part2,MANDURA,16,50,MANIKYA RASA,False,19113
afi-part2,MANDURA,16,51,MEHAMUDGARA RASA,False,19188
afi-part2,MANDURA,16,52,YAKUTI,False,19286
afi-part2,MANDURA,16,53,LAGHU SUTASEKHARA RASA,False,19378
afi-part2,MANDURA,16,54,LILA VILASA RASA,False,19413
afi-part2,MANDURA,16,55,VAJRAKAPATA RASA,False,19468
afi-part2,MANDURA,16,56,VASANTA TILAKA RASA,False,19605
afi-part2,MANDURA,16,57,VATA GAJANKUSA RASA,False,19663
afi-part2,MANDURA,16,58,SVASA KASA CINTAMANI RASA,True,19768
afi-part2,MANDURA,16,59,SIRAH SULADI VAJRA RASA,True,19828
afi-part2,MANDURA,16,60,SRNGARABHRA RASA,False,19908
afi-part2,MANDURA,16,61,SRI JAYAMANGALA RASA,False,19987
afi-part2,MANDURA,16,62,SRI RAMABANA RASA,False,20077
afi-part2,MANDURA,16,63,SUTASEKHARA RASA,False,20140
afi-part2,MANDURA,16,64,SMRTI SAGARA RASA,False,20236
afi-part2,MANDURA,16,65,SVACCHANDA BHAIRAVA RASA,False,20303
afi-part2,MANDURA,16,66,HEMAGARBHA,False,20368
afi-part2,MANDURA,16,67,HEMANATHA RASA,False,20428
afi-part2,MANDURA,16,68,HINGULESVARA RASA,False,20471
afi-part2,MANDURA,16,69,HIRANYA GARBHA POTTALI RASA,True,20525
afi-part2,LAUHA,17,2,NAVAYASA LAUHA,False,20898
afi-part2,LAUHA,17,3,BRHAT VISAMAJVARANTAKA LAUHA,False,20955
afi-part2,LAUHA,17,4,BRHAT SARVAJVARAHARA LAUHA,False,21042
afi-part2,LAUHA,17,5,YAKRTPLIHARI LAUHA,False,21200
afi-part2,LAUHA,17,6,YOGARAJA,False,21351
afi-part2,LAUHA,17,8,SATAMULYADI LAUHA,False,21476
afi-part2,LAUHA,17,9,SILAJITVADI LAUHA,False,21565
